{
    "accuracies": [
        0.98893805309734517, 
        1.0, 
        1.0, 
        0.99557522123893805, 
        0.99557522123893805, 
        1.0, 
        1.0, 
        1.0, 
        1.0, 
        1.0, 
        1.0, 
        1.0, 
        0.98672566371681414, 
        1.0, 
        1.0, 
        0.99557522123893805, 
        0.99336283185840712, 
        1.0, 
        1.0, 
        0.99778761061946908, 
        0.99557522123893805, 
        1.0, 
        0.99115044247787609, 
        1.0, 
        0.99778761061946908, 
        0.99336283185840712, 
        1.0, 
        1.0, 
        1.0, 
        1.0
    ], 
    "average": 0.99771386430678466, 
    "number of executions": 30, 
    "standard deviation": 0.0036345786225225945
}