{
    "accuracies": [
        0.98893805309734517, 
        1.0, 
        1.0, 
        1.0, 
        1.0, 
        1.0, 
        1.0, 
        1.0, 
        0.99778761061946908, 
        0.98451327433628322, 
        1.0, 
        1.0, 
        1.0, 
        1.0, 
        1.0, 
        0.99557522123893805, 
        1.0, 
        1.0, 
        0.99336283185840712, 
        0.99336283185840712, 
        1.0, 
        1.0, 
        1.0, 
        1.0, 
        1.0, 
        1.0, 
        0.97345132743362828, 
        1.0, 
        1.0, 
        1.0
    ], 
    "average": 0.99756637168141593, 
    "number of executions": 30, 
    "standard deviation": 0.0057790953387802544
}