{
    "accuracies": [
        1.0, 
        1.0, 
        1.0, 
        1.0, 
        1.0, 
        1.0, 
        0.99854227405247808, 
        1.0, 
        1.0, 
        1.0, 
        0.99271137026239065, 
        1.0, 
        1.0, 
        1.0, 
        1.0, 
        1.0, 
        1.0, 
        0.98979591836734693, 
        1.0, 
        0.99125364431486884, 
        1.0, 
        1.0, 
        0.99562682215743437, 
        1.0, 
        1.0, 
        1.0, 
        1.0, 
        1.0, 
        1.0, 
        1.0
    ], 
    "average": 0.99893100097181731, 
    "number of executions": 30, 
    "standard deviation": 0.0027123976165117332
}