{
    "accuracies": [
        0.99557522123893805, 
        0.98893805309734517, 
        0.98451327433628322, 
        0.98672566371681414, 
        1.0, 
        1.0, 
        0.99778761061946908, 
        0.99336283185840712, 
        1.0, 
        1.0, 
        1.0, 
        1.0, 
        1.0, 
        1.0, 
        1.0, 
        1.0, 
        1.0, 
        1.0, 
        1.0, 
        1.0, 
        1.0, 
        1.0, 
        0.98451327433628322, 
        0.99557522123893805, 
        1.0, 
        1.0, 
        1.0, 
        1.0, 
        0.98893805309734517, 
        0.99336283185840712
    ], 
    "average": 0.99697640117994102, 
    "number of executions": 30, 
    "standard deviation": 0.0050282872960857681
}