{
    "accuracies": [
        0.69130434782608696, 
        0.71739130434782605, 
        0.69565217391304346, 
        0.72173913043478266, 
        0.70869565217391306, 
        0.69130434782608696, 
        0.67391304347826086, 
        0.70869565217391306, 
        0.72173913043478266, 
        0.67391304347826086, 
        0.70434782608695656, 
        0.69565217391304346, 
        0.69565217391304346, 
        0.68695652173913047, 
        0.69999999999999996, 
        0.70434782608695656, 
        0.70434782608695656, 
        0.73478260869565215, 
        0.69130434782608696, 
        0.71304347826086956, 
        0.68260869565217386, 
        0.70869565217391306, 
        0.67391304347826086, 
        0.69999999999999996, 
        0.75217391304347825, 
        0.73478260869565215, 
        0.69130434782608696, 
        0.71739130434782605, 
        0.69999999999999996, 
        0.68260869565217386
    ], 
    "average": 0.70260869565217376, 
    "number of executions": 30, 
    "standard deviation": 0.018364097462559025
}