{
    "accuracies": [
        0.63913043478260867, 
        0.69999999999999996, 
        0.68695652173913047, 
        0.69565217391304346, 
        0.73478260869565215, 
        0.72173913043478266, 
        0.70434782608695656, 
        0.72608695652173916, 
        0.66521739130434787, 
        0.68695652173913047, 
        0.72608695652173916, 
        0.70869565217391306, 
        0.64347826086956517, 
        0.73478260869565215, 
        0.68695652173913047, 
        0.69999999999999996, 
        0.66956521739130437, 
        0.64782608695652177, 
        0.69565217391304346, 
        0.70434782608695656, 
        0.69130434782608696, 
        0.67826086956521736, 
        0.69999999999999996, 
        0.64347826086956517, 
        0.66086956521739126, 
        0.73913043478260865, 
        0.69565217391304346, 
        0.68260869565217386, 
        0.68260869565217386, 
        0.69999999999999996
    ], 
    "average": 0.69173913043478263, 
    "number of executions": 30, 
    "standard deviation": 0.027113846656815419
}