{
    "accuracies": [
        0.68260869565217386, 
        0.66086956521739126, 
        0.67391304347826086, 
        0.72608695652173916, 
        0.67826086956521736, 
        0.68260869565217386, 
        0.68695652173913047, 
        0.69565217391304346, 
        0.70869565217391306, 
        0.72173913043478266, 
        0.68695652173913047, 
        0.70869565217391306, 
        0.67826086956521736, 
        0.66086956521739126, 
        0.68695652173913047, 
        0.71739130434782605, 
        0.69565217391304346, 
        0.68260869565217386, 
        0.72173913043478266, 
        0.65217391304347827, 
        0.73043478260869565, 
        0.66956521739130437, 
        0.68695652173913047, 
        0.68260869565217386, 
        0.74347826086956526, 
        0.69565217391304346, 
        0.66086956521739126, 
        0.72608695652173916, 
        0.62608695652173918, 
        0.73478260869565215
    ], 
    "average": 0.69217391304347831, 
    "number of executions": 30, 
    "standard deviation": 0.026951846251845407
}