{
    "accuracies": [
        0.70200573065902583, 
        0.68194842406876788, 
        0.67621776504297992, 
        0.68481375358166185, 
        0.66762177650429799, 
        0.67621776504297992, 
        0.6418338108882522, 
        0.6790830945558739, 
        0.69054441260744981, 
        0.71919770773638969, 
        0.66762177650429799, 
        0.65042979942693413, 
        0.70487106017191981, 
        0.68194842406876788, 
        0.66762177650429799, 
        0.69627507163323787, 
        0.63896848137535822, 
        0.68767908309455583, 
        0.69054441260744981, 
        0.66762177650429799, 
        0.6790830945558739, 
        0.69627507163323787, 
        0.69914040114613185, 
        0.67621776504297992, 
        0.69054441260744981, 
        0.69340974212034379, 
        0.64756446991404015, 
        0.69914040114613185, 
        0.64756446991404015, 
        0.6790830945558739
    ], 
    "average": 0.67936962750716356, 
    "number of executions": 30, 
    "standard deviation": 0.019382141620238179
}