{
    "accuracies": [
        1.0, 
        1.0, 
        1.0, 
        1.0, 
        0.98571428571428577, 
        1.0, 
        1.0, 
        1.0, 
        1.0, 
        1.0, 
        0.97142857142857142, 
        1.0, 
        0.98571428571428577, 
        0.98571428571428577, 
        1.0, 
        1.0, 
        1.0, 
        1.0, 
        0.98571428571428577, 
        1.0, 
        0.98571428571428577, 
        0.97142857142857142, 
        1.0, 
        1.0, 
        1.0, 
        0.98571428571428577, 
        0.97142857142857142, 
        1.0, 
        0.97142857142857142, 
        1.0
    ], 
    "average": 0.99333333333333351, 
    "number of executions": 30, 
    "standard deviation": 0.010257456775494287
}