{
    "accuracies": [
        0.96261682242990654, 
        0.99065420560747663, 
        0.99065420560747663, 
        0.99065420560747663, 
        0.98130841121495327, 
        1.0, 
        0.98130841121495327, 
        0.98130841121495327, 
        1.0, 
        0.98130841121495327, 
        0.99065420560747663, 
        0.95327102803738317, 
        1.0, 
        1.0, 
        0.9719626168224299, 
        0.9719626168224299, 
        0.98130841121495327, 
        0.96261682242990654, 
        0.99065420560747663, 
        1.0, 
        1.0, 
        0.96261682242990654, 
        0.96261682242990654, 
        0.99065420560747663, 
        0.98130841121495327, 
        1.0, 
        0.99065420560747663, 
        0.96261682242990654, 
        0.99065420560747663, 
        0.9719626168224299
    ], 
    "average": 0.98317757009345808, 
    "number of executions": 30, 
    "standard deviation": 0.013945812639002738
}