{
    "accuracies": [
        0.98571428571428577, 
        1.0, 
        1.0, 
        0.97142857142857142, 
        1.0, 
        1.0, 
        1.0, 
        0.98571428571428577, 
        1.0, 
        0.98571428571428577, 
        1.0, 
        1.0, 
        0.98571428571428577, 
        0.97142857142857142, 
        1.0, 
        0.95714285714285718, 
        0.97142857142857142, 
        0.98571428571428577, 
        1.0, 
        0.98571428571428577, 
        1.0, 
        1.0, 
        1.0, 
        1.0, 
        1.0, 
        1.0, 
        0.98571428571428577, 
        1.0, 
        1.0, 
        1.0
    ], 
    "average": 0.99238095238095236, 
    "number of executions": 30, 
    "standard deviation": 0.01150766283199482
}