{
    "accuracies": [
        0.77777777777777779, 
        0.76470588235294112, 
        0.83006535947712423, 
        0.77777777777777779, 
        0.79084967320261434, 
        0.81045751633986929, 
        0.82352941176470584, 
        0.73202614379084963, 
        0.77777777777777779, 
        0.79084967320261434, 
        0.81699346405228757, 
        0.75163398692810457, 
        0.82352941176470584, 
        0.77777777777777779, 
        0.83006535947712423, 
        0.78431372549019607, 
        0.81699346405228757, 
        0.79738562091503273, 
        0.79084967320261434, 
        0.79084967320261434, 
        0.77124183006535951, 
        0.78431372549019607, 
        0.80392156862745101, 
        0.82352941176470584, 
        0.83660130718954251, 
        0.81045751633986929, 
        0.77124183006535951, 
        0.79084967320261434, 
        0.75163398692810457, 
        0.77124183006535951
    ], 
    "average": 0.79237472766884542, 
    "number of executions": 30, 
    "standard deviation": 0.025686819628298725
}