{
    "accuracies": [
        0.79000000000000004, 
        0.80000000000000004, 
        0.81999999999999995, 
        0.80000000000000004, 
        0.76000000000000001, 
        0.78000000000000003, 
        0.76000000000000001, 
        0.78000000000000003, 
        0.78000000000000003, 
        0.83999999999999997, 
        0.75, 
        0.79000000000000004, 
        0.77000000000000002, 
        0.79000000000000004, 
        0.78000000000000003, 
        0.81999999999999995, 
        0.80000000000000004, 
        0.71999999999999997, 
        0.76000000000000001, 
        0.80000000000000004, 
        0.75, 
        0.76000000000000001, 
        0.72999999999999998, 
        0.79000000000000004, 
        0.81999999999999995, 
        0.81000000000000005, 
        0.81999999999999995, 
        0.81999999999999995, 
        0.79000000000000004, 
        0.88
    ], 
    "average": 0.78866666666666652, 
    "number of executions": 30, 
    "standard deviation": 0.032632635334721105
}