{
    "accuracies": [
        0.87826086956521743, 
        0.91304347826086951, 
        0.90434782608695652, 
        0.88695652173913042, 
        0.86086956521739133, 
        0.88695652173913042, 
        0.86086956521739133, 
        0.85217391304347823, 
        0.87826086956521743, 
        0.87826086956521743, 
        0.89565217391304353, 
        0.86956521739130432, 
        0.93043478260869561, 
        0.90434782608695652, 
        0.87826086956521743, 
        0.93043478260869561, 
        0.92173913043478262, 
        0.86086956521739133, 
        0.86956521739130432, 
        0.94782608695652171, 
        0.86086956521739133, 
        0.89565217391304353, 
        0.88695652173913042, 
        0.91304347826086951, 
        0.85217391304347823, 
        0.93913043478260871, 
        0.90434782608695652, 
        0.85217391304347823, 
        0.94782608695652171, 
        0.86956521739130432
    ], 
    "average": 0.89101449275362321, 
    "number of executions": 30, 
    "standard deviation": 0.028641436120662316
}