{
    "accuracies": [
        0.88695652173913042, 
        0.90434782608695652, 
        0.87826086956521743, 
        0.88695652173913042, 
        0.88695652173913042, 
        0.93043478260869561, 
        0.88695652173913042, 
        0.88695652173913042, 
        0.87826086956521743, 
        0.86956521739130432, 
        0.90434782608695652, 
        0.84347826086956523, 
        0.90434782608695652, 
        0.87826086956521743, 
        0.92173913043478262, 
        0.87826086956521743, 
        0.89565217391304353, 
        0.89565217391304353, 
        0.82608695652173914, 
        0.93913043478260871, 
        0.86956521739130432, 
        0.87826086956521743, 
        0.88695652173913042, 
        0.85217391304347823, 
        0.89565217391304353, 
        0.87826086956521743, 
        0.90434782608695652, 
        0.88695652173913042, 
        0.88695652173913042, 
        0.93043478260869561
    ], 
    "average": 0.88840579710144907, 
    "number of executions": 30, 
    "standard deviation": 0.023769883285299599
}