{
    "accuracies": [
        0.85217391304347823, 
        0.92173913043478262, 
        0.86956521739130432, 
        0.89565217391304353, 
        0.88695652173913042, 
        0.89565217391304353, 
        0.93043478260869561, 
        0.89565217391304353, 
        0.88695652173913042, 
        0.84347826086956523, 
        0.89565217391304353, 
        0.86086956521739133, 
        0.86086956521739133, 
        0.88695652173913042, 
        0.87826086956521743, 
        0.92173913043478262, 
        0.95652173913043481, 
        0.89565217391304353, 
        0.84347826086956523, 
        0.84347826086956523, 
        0.86956521739130432, 
        0.83478260869565213, 
        0.85217391304347823, 
        0.89565217391304353, 
        0.91304347826086951, 
        0.85217391304347823, 
        0.90434782608695652, 
        0.87826086956521743, 
        0.86956521739130432, 
        0.86956521739130432
    ], 
    "average": 0.8820289855072464, 
    "number of executions": 30, 
    "standard deviation": 0.028637035725872218
}