{
    "accuracies": [
        0.82857142857142863, 
        0.94285714285714284, 
        0.92571428571428571, 
        0.86285714285714288, 
        0.85142857142857142, 
        0.90857142857142859, 
        0.85142857142857142, 
        0.9028571428571428, 
        0.88571428571428568, 
        0.89142857142857146, 
        0.89714285714285713, 
        0.88, 
        0.88571428571428568, 
        0.9028571428571428, 
        0.90857142857142859, 
        0.92571428571428571, 
        0.85142857142857142, 
        0.8571428571428571, 
        0.89142857142857146, 
        0.8571428571428571, 
        0.87428571428571433, 
        0.83999999999999997, 
        0.90857142857142859, 
        0.89142857142857146, 
        0.88571428571428568, 
        0.87428571428571433, 
        0.92571428571428571, 
        0.87428571428571433, 
        0.91428571428571426, 
        0.9028571428571428
    ], 
    "average": 0.88666666666666683, 
    "number of executions": 30, 
    "standard deviation": 0.027684651149997391
}