{
    "accuracies": [
        0.97959183673469385, 
        0.95918367346938771, 
        0.97959183673469385, 
        1.0, 
        0.95918367346938771, 
        0.97959183673469385, 
        0.95918367346938771, 
        0.97959183673469385, 
        0.97959183673469385, 
        0.97959183673469385, 
        0.97959183673469385, 
        1.0, 
        0.97959183673469385, 
        0.97959183673469385, 
        1.0, 
        1.0, 
        0.97959183673469385, 
        0.97959183673469385, 
        0.97959183673469385, 
        1.0, 
        1.0, 
        0.97959183673469385, 
        1.0, 
        1.0, 
        1.0, 
        0.97959183673469385, 
        1.0, 
        1.0, 
        0.97959183673469385, 
        1.0
    ], 
    "average": 0.98571428571428577, 
    "number of executions": 30, 
    "standard deviation": 0.01306760048455685
}