{
    "accuracies": [
        1.0, 
        1.0, 
        1.0, 
        0.97959183673469385, 
        0.97959183673469385, 
        1.0, 
        1.0, 
        0.97959183673469385, 
        0.97959183673469385, 
        0.97959183673469385, 
        0.97959183673469385, 
        1.0, 
        0.97959183673469385, 
        1.0, 
        1.0, 
        0.97959183673469385, 
        1.0, 
        1.0, 
        1.0, 
        0.97959183673469385, 
        1.0, 
        1.0, 
        1.0, 
        1.0, 
        1.0, 
        1.0, 
        0.97959183673469385, 
        0.97959183673469385, 
        1.0, 
        0.97959183673469385
    ], 
    "average": 0.99183673469387768, 
    "number of executions": 30, 
    "standard deviation": 0.0099979173174823705
}