{
    "accuracies": [
        0.97333333333333338, 
        1.0, 
        0.98666666666666669, 
        0.97333333333333338, 
        1.0, 
        0.97333333333333338, 
        0.97333333333333338, 
        0.98666666666666669, 
        0.98666666666666669, 
        1.0, 
        0.98666666666666669, 
        1.0, 
        1.0, 
        1.0, 
        0.97333333333333338, 
        0.98666666666666669, 
        0.98666666666666669, 
        1.0, 
        0.97333333333333338, 
        1.0, 
        0.98666666666666669, 
        0.97333333333333338, 
        0.90666666666666662, 
        0.97333333333333338, 
        0.97333333333333338, 
        0.97333333333333338, 
        0.97333333333333338, 
        1.0, 
        0.97333333333333338, 
        1.0
    ], 
    "average": 0.98311111111111105, 
    "number of executions": 30, 
    "standard deviation": 0.018195101769296635
}