{
    "accuracies": [
        1.0, 
        1.0, 
        1.0, 
        0.97959183673469385, 
        0.97959183673469385, 
        0.97959183673469385, 
        1.0, 
        1.0, 
        1.0, 
        1.0, 
        0.97959183673469385, 
        1.0, 
        0.97959183673469385, 
        1.0, 
        1.0, 
        1.0, 
        1.0, 
        0.97959183673469385, 
        1.0, 
        0.97959183673469385, 
        1.0, 
        0.97959183673469385, 
        1.0, 
        0.97959183673469385, 
        0.97959183673469385, 
        1.0, 
        0.97959183673469385, 
        0.97959183673469385, 
        0.97959183673469385, 
        1.0
    ], 
    "average": 0.99115646258503409, 
    "number of executions": 30, 
    "standard deviation": 0.010112971936951374
}