{
    "accuracies": [
        1.0, 
        0.90000000000000002, 
        0.69999999999999996, 
        0.90000000000000002, 
        1.0, 
        0.69999999999999996, 
        1.0, 
        0.80000000000000004, 
        0.90000000000000002, 
        1.0, 
        1.0, 
        0.80000000000000004, 
        1.0, 
        0.80000000000000004, 
        0.80000000000000004, 
        0.90000000000000002, 
        1.0, 
        1.0, 
        1.0, 
        1.0, 
        0.90000000000000002, 
        0.80000000000000004, 
        0.80000000000000004, 
        0.90000000000000002, 
        1.0, 
        0.90000000000000002, 
        1.0, 
        0.80000000000000004, 
        1.0, 
        0.80000000000000004
    ], 
    "average": 0.90333333333333321, 
    "number of executions": 30, 
    "standard deviation": 0.098262686486557824
}