{
    "accuracies": [
        1.0, 
        0.80000000000000004, 
        0.90000000000000002, 
        1.0, 
        1.0, 
        0.90000000000000002, 
        0.90000000000000002, 
        0.90000000000000002, 
        0.90000000000000002, 
        1.0, 
        1.0, 
        1.0, 
        0.90000000000000002, 
        1.0, 
        1.0, 
        0.90000000000000002, 
        0.80000000000000004, 
        0.90000000000000002, 
        0.90000000000000002, 
        0.90000000000000002, 
        0.80000000000000004, 
        0.90000000000000002, 
        0.90000000000000002, 
        0.80000000000000004, 
        1.0, 
        0.69999999999999996, 
        0.90000000000000002, 
        1.0, 
        1.0, 
        0.90000000000000002
    ], 
    "average": 0.91666666666666652, 
    "number of executions": 30, 
    "standard deviation": 0.077817450199525004
}