{
    "accuracies": [
        0.6875, 
        1.0, 
        0.875, 
        0.875, 
        0.875, 
        1.0, 
        1.0, 
        0.9375, 
        1.0, 
        0.875, 
        1.0, 
        1.0, 
        0.9375, 
        0.875, 
        0.9375, 
        1.0, 
        0.8125, 
        0.75, 
        0.875, 
        1.0, 
        0.875, 
        0.9375, 
        0.8125, 
        0.8125, 
        0.8125, 
        0.875, 
        0.9375, 
        0.9375, 
        0.875, 
        0.875
    ], 
    "average": 0.90208333333333335, 
    "number of executions": 30, 
    "standard deviation": 0.08017450585372439
}